input,response
i feel sad,"I'm really sorry you're feeling that way. It's completely okay to feel down sometimes. Emotions like sadness are natural and may take time to process. If you're comfortable, I'm here to listen and support you in any way I can."
i feel anxious,"Anxiety can feel very overwhelming, and I'm sorry you're experiencing that. Sometimes, taking deep breaths or stepping away from what's causing the anxiety can help. Would you like to share what's on your mind so we can work through it together?"
i feel happy,"That's amazing to hear! Happiness is such a wonderful emotion, and it’s important to cherish moments like this. What’s brought you joy today? I’d love to hear more about it."
i feel lonely,"Feeling lonely can be really hard, but it's important to remember that you're not alone. Reaching out to loved ones or even talking to someone who cares can help. If you want to share what’s on your mind, I’m here to listen."
i feel tired,"It's okay to feel tired—it’s your body’s way of asking for rest. Consider taking a break or practicing relaxation techniques like meditation. How have you been sleeping or taking care of yourself lately?"
i feel overwhelmed,"I’m sorry to hear you’re feeling overwhelmed—it can be so draining. Sometimes breaking things into smaller, manageable tasks or pausing for a deep breath can help. Let me know how I can support you or what’s been weighing on your mind."
i feel hopeful,"That’s wonderful to hear! Hope is such a powerful emotion and can brighten even the toughest days. What are you looking forward to or working towards? I’d love to know more about what inspires your hope."
i feel angry,"Anger is a natural emotion, and it’s okay to feel this way. Sometimes writing down your thoughts, going for a walk, or even just talking it out can help release that tension. What’s been making you feel this way lately?"
i feel stressed,"I’m sorry stress is weighing on you—it can feel so heavy. Taking a moment to pause, breathe, or step away from what’s stressing you might bring clarity. Can you share more about what’s going on? I’d like to help if I can."
i feel confused,"It’s okay to feel confused—it’s a part of working through new or challenging situations. Try breaking things down step by step and focusing on what you do know. What’s been on your mind? Let’s figure it out together."
i feel insecure,"Insecurity is something we all feel at times, and it’s completely valid. Remember, your worth is not tied to any one thing or moment. Would you like to talk about what’s making you feel this way so we can navigate it together?"
i feel guilty,"Guilt can be such a heavy feeling, and I’m sorry you’re carrying that weight. Sometimes reflecting on what happened and thinking about what you’d do differently in the future can bring clarity. Would you like to talk it through?"
i feel excited,"That’s fantastic! Excitement is such an energizing feeling, and I’m thrilled to hear you’re experiencing it. What’s got you feeling so pumped? It sounds like you have something wonderful going on."
i feel hopeless,"I’m really sorry to hear that you’re feeling hopeless. It’s important to remember that even small steps forward can lead to big changes over time. What’s been on your mind? I’d like to help you find some light in this situation."
i feel grateful,"Gratitude is such a beautiful emotion, and it can truly brighten your day. What’s made you feel thankful today? I’d love to hear more about what’s brought this positivity into your life."
i feel scared,"Fear can feel so overwhelming, and I’m sorry you’re experiencing this. Talking about it or facing it step by step can make it feel more manageable. Would you like to share what’s been making you feel scared?"
i feel frustrated,"It’s hard when things don’t go as planned—I completely understand. Sometimes stepping back and approaching things with a fresh perspective can help. What’s been frustrating you? Let’s see if we can find a way forward."
i feel embarrassed,"It’s tough to feel embarrassed, but it’s something we all go through. Remember, mistakes don’t define you—they’re just moments we learn from. Would you like to talk about what happened?"
i feel proud,"That’s wonderful to hear! You have every reason to feel proud of your accomplishments—they’re worth celebrating. What did you achieve? I’d love to hear all about it!"
i feel rejected,"Rejection can be painful, but it doesn’t define your value or worth. Remember, your strengths and qualities are unique and irreplaceable. What’s made you feel this way? Let’s talk through it."
i feel optimistic,"Optimism is such a powerful mindset—it can truly change how you face challenges. What’s giving you hope right now? I’d love to hear more about what you’re looking forward to."
i feel ashamed,"Shame can be a difficult emotion, but it’s important to remember that no one is perfect. Mistakes happen, and they’re part of growing. Would you like to share what’s on your mind?"
i feel bored,"Boredom can feel frustrating, but it’s also a chance to explore something new. Maybe try a creative activity or learning something you’ve been curious about. What would you like to do today?"
i feel peaceful,"That’s such a wonderful feeling—peace is so valuable in today’s busy world. What’s been helping you feel this way? It’s great that you’re taking time to enjoy the moment."
i feel nostalgic,"Nostalgia can bring up so many emotions—it’s like revisiting a little piece of the past. What memory are you reflecting on? I’d love to hear about it."
i feel curious,"Curiosity is such a gift—it helps us grow and discover. What’s been sparking your interest today? I’d love to hear more about what you’re exploring."
i feel motivated,"That’s incredible! Motivation is such a powerful force, and I’m excited for you. What goal are you working toward? Let me know how I can cheer you on."
i feel distracted,"It’s okay to feel distracted—it happens to everyone. Sometimes writing down your thoughts or taking a short break can help you refocus. What’s been pulling your attention away?"
i feel energetic,"That’s amazing! Energy can open up so many opportunities to do something great. How do you plan to channel that energy today? I’d love to hear your plans."
